brightness,contrast,complexity,sharpness,endge_density,edge_distance,saliency,saliency_consistency,entropy,com_x_s,com_y_s,dcm_x,dcm_y,color_variety,colorful,colorful_emd,color_entropy,pixel_density,palette_ratio,palette_std
0.9804177964663675,0.07477157271775853,19.445106177527524,0.7558300088652482,0.011933732269503547,0.29297952963340057,0.42697146172298706,0.44,1.515754,0.5019745900355403,0.502322040829477,0.0019745900355403467,0.0023220408294769568,17.86913186233044,14.72421431986515,20.611752726973577,0.7514644972770455,0.023257978723404293,0.7764429603678494,0.17063247067045742
0.7822897805484964,0.397348411662835,33.59928771526843,0.9282232105040237,0.024509741634900467,0.3372591132642605,0.06550037372000897,0.52,3.5351038,0.5555710706946094,0.48485728954148016,0.055571070694609426,0.015142710458519837,76.69657477992708,73.29067734485072,55.853927625874945,0.476854247152821,0.3263670055061415,0.7111112004027201,0.24198425922667954
0.783278084192008,0.390924305881856,32.390462952493415,0.893175360870071,0.03270948800911713,0.34972739448856377,0.07443390127134716,0.52,4.4245014,0.477426536388645,0.5707279608715479,0.022573463611354982,0.07072796087154787,76.16755411605128,51.753810632054076,54.826876105230966,0.08975857031282196,0.31591830859837877,0.7344849328029684,0.1314574233683508
0.7214150766225961,0.48356326179375275,28.249377107673208,0.8560835798816568,0.027174556213017752,0.307131217013123,0.12211822233824496,0.52,4.293657,0.5612480478353342,0.4929589447935023,0.06124804783533422,0.007041055206497726,85.81842205522992,42.142964716747464,52.97543416786888,0.2116930794280858,0.3510157790927022,0.7225203525733246,0.21790567403756167
0.879877705663331,0.19910159949629386,52.01476636004293,0.9219639513108614,0.08517790262172284,0.332840751538079,0.2856200383711537,0.44,5.6598186,0.5063441351607122,0.5008210302216536,0.006344135160712194,0.0008210302216535847,43.116593163565895,20.223760725326525,33.04587122515058,1.0943834582899454,0.1501743913857677,0.7737898594684526,0.17989265828030437
0.9498645146122685,0.10496653125106235,18.477974925867485,0.7706555555555555,0.015454629629629629,0.30332253315339386,0.5367436274509804,0.44,4.0463147,0.500607499389517,0.5006505857355542,0.0006074993895169856,0.00065058573555421,24.967426546220484,22.218237592859772,22.632271134466848,0.9641663574582353,0.060555555555555585,0.772254065995987,0.18782559709507246
0.9082884712313896,0.16078974350104927,29.584386160660863,0.8823955748552523,0.029492349048800662,0.32585218831660623,0.1494658403477189,0.56,3.676993,0.49597988898073014,0.5101439675695529,0.004020111019269856,0.010143967569552936,36.82976021849106,45.565798264538316,29.435761893471238,0.7508602934249223,0.11668527708850285,0.6558788254668663,0.25610144271230667
0.8875494204661886,0.18074506901510437,44.359527637400944,0.8536106557377049,0.048004098360655736,0.3506550151146755,0.09448607093110468,0.48,3.8739347,0.5047839340583633,0.5102331955495875,0.004783934058363304,0.01023319554958746,40.385603600495756,25.22896898232623,33.11028387917938,1.0328857604175397,0.2752814207650274,0.849272860160426,0.09853166552916003
0.8626977265306447,0.2583587539789818,18.27973997484727,0.6188965341488277,0.0474592252803262,0.3672291092085958,0.3486419569866683,0.36,5.0039763,0.50437884393658,0.5380797508036981,0.004378843936579946,0.038079750803698076,55.44522041516531,17.451880686388503,36.87513362335733,1.3116567542806568,0.17443297655453616,0.7735661536381723,0.11299749287875233
0.9319679354723874,0.15578918029178881,25.109294315396642,0.7830237741456166,0.027336552748885586,0.34270125675709134,0.07150621060707592,0.52,3.427659,0.49459080350226486,0.5067866707897923,0.005409196497735136,0.006786670789792337,38.57751608101042,38.00815364838546,29.781974843050946,0.431324003298509,0.09850668647845473,0.7536222245581068,0.24078012193707388
0.9145783396486149,0.232762663954102,31.233008792113615,0.8551146684831971,0.02860921889191644,0.3597288646412392,0.06243377678046696,0.56,3.1932762,0.4891429530113299,0.5090669098789035,0.010857046988670127,0.009066909878903462,54.5384550459436,20.990118482817564,32.32620109499935,0.851846913906557,0.10285649409627606,0.7194855540892395,0.14448066964394263
0.9126464058310991,0.21710266335822778,31.717925053252866,0.8031222073279713,0.03562444146559428,0.3726418940486831,0.10513997529306629,0.52,3.2173378,0.49578530594048087,0.5050448234585937,0.004214694059519131,0.005044823458593695,52.3347536340617,40.98543320744425,34.18436135966094,1.2954872793720396,0.1216465594280608,0.8120584949459678,0.15560742978436373
0.8255171510568513,0.2868774571012035,28.965933975171797,0.793135325558795,0.04197643343051506,0.34885303712068105,0.18371993082947466,0.44,4.6500187,0.512159588940679,0.5043394068458548,0.012159588940679034,0.004339406845854765,60.49609972876602,45.771360697392225,39.24391607820891,0.552080427492486,0.3822448979591837,0.7981541934048597,0.14743565966191088
0.9166520244021281,0.22146902134782961,24.81479418805216,0.8010893383902233,0.03520227560050569,0.34360928543193237,0.16484947902464822,0.44,2.4934316,0.5131209864540676,0.515489152714263,0.013120986454067562,0.015489152714262988,50.21944646914806,6.8909245994470645,30.880175803402352,0.12742584314398506,0.11347239780868101,0.8113680558988254,0.11887974228645823
0.8918424412869144,0.2194448117172813,27.08039032001759,0.9138229803122878,0.023136456211812626,0.3443692865256191,0.10330653395098705,0.44,3.5892634,0.4881567599908187,0.5087224309147188,0.0118432400091813,0.008722430914718804,54.166046407500055,71.58987969895743,40.920345990800755,1.232989084722315,0.22000594025797693,0.8154989436286685,0.1820121162876561
0.8803650975041714,0.288571633861081,37.83357122948176,0.9242139414163886,0.03231738969225065,0.33051923537492855,0.08741387671123325,0.56,3.115099,0.4890574282700719,0.5150140089753764,0.010942571729928074,0.015014008975376414,66.6271006936554,22.269213226983062,34.21695552156224,0.916640457735896,0.11922599184278826,0.5914879680743522,0.2037826598354464
0.9357056206597223,0.15924814707464693,24.756296531166708,0.8679540598290598,0.021094017094017092,0.34357235369100164,0.17763506787330316,0.52,3.5797546,0.5010802556708011,0.49654953113594225,0.0010802556708010558,0.003450468864057754,41.67663554849928,47.76345554534262,31.00147439840667,1.3645317298416266,0.10632799145299143,0.725678611676315,0.29007475180520226
0.8448619321469908,0.3128339931277942,25.010112732430017,0.8503833333333334,0.02851574074074074,0.32599034978147917,0.0817147204066812,0.56,3.6662993,0.5248269537391097,0.5286370393652319,0.024826953739109703,0.028637039365231876,67.61955669916395,51.237676620956655,41.795434486769324,0.5749497031603226,0.16957777777777783,0.68582073165216,0.2323674103690841
0.9156798938869201,0.17143736783867786,30.672475417235113,0.8793760738831615,0.033433204467353955,0.364650502431098,0.17520847230644834,0.56,4.402938,0.494122673195265,0.5112201427498027,0.005877326804735017,0.011220142749802653,41.07481562504597,42.825471109287264,35.00215476503203,0.8447810387214758,0.24500859106529205,0.8440498534936884,0.20090095845083486
0.9165124082851328,0.1528833371256805,21.99743286712121,0.8030580548414739,0.02338796058269066,0.3842927518154966,0.13536368600567905,0.56,4.5122194,0.5074755630615434,0.5028967563110088,0.0074755630615434,0.00289675631100883,38.28313291211115,38.57554034434469,32.75771133861301,0.8152371461745105,0.14421915167095112,0.8190448583184695,0.15237596808260626
0.9695883577775797,0.0925089977269245,19.32956371362202,0.7099476937708036,0.017417974322396577,0.3844033260854885,0.5697374385798066,0.44,2.7333999,0.5010257570799475,0.5005086493905855,0.0010257570799474536,0.0005086493905854805,22.732383214358094,14.567829027843526,21.741914417711726,0.7280497690201209,0.02851402757964816,0.758266860220605,0.24694333638009322
0.9310438996112993,0.15883394238710102,28.44065247011044,0.902821223316913,0.019065065681444993,0.3732942622192174,0.08226885121864838,0.48,3.832619,0.4974424090433986,0.5007816373292062,0.0025575909566014077,0.0007816373292062195,40.74504005745927,34.3672698992035,29.004585376659776,1.0213681732228022,0.1331681034482759,0.7282135038213882,0.28211020311009416
0.8466663382587306,0.33787247786594177,17.07712551351608,0.6605848115299335,0.020155210643015523,0.3722023078565998,0.08630451212266134,0.48,2.9507456,0.5248404435945278,0.509968599971583,0.02484044359452775,0.009968599971582948,72.1700868619526,72.51786082283405,41.57889898183588,0.5567303834122017,0.21705284552845527,0.6437432992845951,0.29180926947278374
0.9479971748737374,0.14115888247230696,33.71180554840175,0.9255878787878787,0.02347979797979798,0.34827674161326333,0.17188762527233115,0.48,3.227349,0.5013645778165761,0.49603148856266754,0.0013645778165760625,0.003968511437332456,35.845024520627256,28.939284284859674,26.129111013168924,1.3215591530907957,0.06385252525252527,0.7454089769336819,0.1526199898531589
0.7890991044054081,0.4090847391804052,27.358216259966014,0.9082227583433856,0.019032971451548048,0.36707616178410307,0.06598797669449766,0.44,3.5728354,0.43161553594768987,0.49528362101449425,0.06838446405231013,0.004716378985505754,76.76380461450483,59.32626339581136,47.79332783724169,0.17666612895907832,0.2989827100924809,0.6669388088059343,0.16677394742412066
0.945909438360305,0.1239542262229966,23.482788853716016,0.8126512896825396,0.022653769841269843,0.34682101065622084,0.21000974556489263,0.48,3.6867654,0.49785249419138095,0.504152037907569,0.0021475058086190546,0.004152037907569017,29.187227399004584,54.53579733941978,26.270000161922653,1.227297741263944,0.1188764880952381,0.7361018544219724,0.21666948388373916
0.9295964209021451,0.17010340736489474,38.064161971560765,0.9333855353075171,0.044523538344722856,0.33404031479992824,0.30058231720934386,0.56,3.5625,0.4981309153094372,0.5051038483257431,0.0018690846905627945,0.005103848325743066,39.425929254820716,20.95798116831048,28.388618838058377,0.9187405213629285,0.08856586940015188,0.7471235235565157,0.18053459463832758
0.8086721875609875,0.23068364685788342,21.137179348513808,0.8233099141295862,0.02715846994535519,0.3631830599762097,0.10390289449112979,0.48,2.9611597,0.5291830718899787,0.5064305621639776,0.029183071889978707,0.006430562163977638,48.88695086463682,29.440731806776153,34.52059188285021,0.10746652114949849,0.6841822794691648,0.7578723710039657,0.17029964827645966
0.7588244919890582,0.5038207766793179,34.468249459078145,0.9399237983587339,0.027396443923407583,0.3432255092110286,0.07491367645143247,0.48,3.775394,0.5528357947755894,0.5637784831122669,0.05283579477558942,0.06377848311226686,99.5180567214969,14.984459198017838,41.63028679716693,1.1137733080488006,0.2504347401328644,0.7590712721220426,0.14042339093605058
0.962236848687911,0.10367544704625407,24.901812583103386,0.9020578054690204,0.02087140879196954,0.3470627099586116,0.4205846856568865,0.48,2.5283208,0.49881440118513515,0.5008104182828239,0.0011855988148648522,0.0008104182828239104,25.348199908443842,12.273636936571414,22.56887794712587,1.1093262954027132,0.03423589477327793,0.7614651334313743,0.1309541707091572
0.9557264603384908,0.07604134550628786,23.11271975113875,0.8966057504873295,0.019351851851851853,0.3584822092474252,0.5340333486221,0.36,2.4403803,0.5002313604785471,0.49979395923015135,0.00023136047854710462,0.00020604076984864772,18.99856892923092,15.409868202446416,21.462019028385583,1.3738594339301216,0.03346572449642626,0.8470415047991174,0.09980649591611711
0.9687841815911306,0.09659229236098286,25.206228714838687,0.8392670565302144,0.0160906432748538,0.362990328322855,0.29751163857355806,0.52,2.094576,0.5037122821144773,0.500581460128535,0.003712282114477272,0.0005814601285349941,24.240541877946903,18.64980628796521,22.113352294495613,1.4488566519738533,0.034371345029239775,0.7927821839421973,0.1707047715841753
0.9186184643372993,0.13804326108962878,26.905152709414004,0.8187916177046611,0.02901684292988641,0.3600905476041628,0.24723767117501133,0.6,3.604082,0.49869669315716947,0.5002301451848341,0.0013033068428305317,0.0002301451848341074,31.583413348474284,28.635787542051645,25.834117863652835,1.2883489769032992,0.08374951037994516,0.7485395394959387,0.1990046242917436
0.9597740124117944,0.09680374500309938,12.315684516674096,0.5428864247311828,0.019100582437275984,0.3605918189653011,0.17333700541148359,0.52,3.3573523,0.49840054663928696,0.5013651904564635,0.0015994533607130434,0.0013651904564635498,22.10004485752713,16.918241488182325,22.58565862174173,1.0553842821730597,0.05247087813620066,0.7815215336730142,0.1959643241569118
0.9616435825456721,0.12600761020754353,31.202749807844473,0.9269675654552559,0.01825615474794842,0.34558364955385046,0.17792938418040136,0.56,2.1833625,0.4988693693342972,0.5016550464584527,0.001130630665702792,0.0016550464584527136,30.84839281498561,30.698814876623132,24.60144153284864,0.6335570229084795,0.05053927315357565,0.7405308270168112,0.204686786951635
0.8421242450361893,0.38351331039351994,40.75086487340893,0.9253296165884194,0.030908646322378715,0.3657695848137089,0.11062756221424407,0.52,3.1914587,0.4929724266557243,0.522441019380896,0.007027573344275673,0.022441019380896043,82.44109787335212,14.667497220704073,37.72345668234952,1.7316506860936427,0.1622280907668231,0.7847411774772332,0.15789958193020193
0.8198703214733015,0.3136808282106136,16.04585058884754,0.5824499022482893,0.030386119257087,0.34795839868134354,0.1685846798152301,0.24,4.270464,0.4982047852488609,0.5466101361582931,0.0017952147511390848,0.046610136158293125,61.243064070014256,73.23597411765323,50.18646538637161,0.7930656044811211,0.29132453567937444,0.7185523670718662,0.24172972082329852
0.9059426091104056,0.22468138599792717,33.536633216737975,0.9360728609625668,0.026231060606060605,0.36532847498395976,0.0636604059627416,0.48,3.4151878,0.4908438648203049,0.5103057810976012,0.009156135179695102,0.010305781097601163,50.99015469611114,9.58526949841915,31.370029814342317,1.5612535783430328,0.10080993761140822,0.6763632449793097,0.10290820276472681
0.7832681858120607,0.40270759384359234,36.661269656237735,0.9297114317425084,0.030942471328153903,0.3454061303377646,0.11813280088209904,0.4,3.815712,0.5518959259799922,0.5044515318264433,0.05189592597999215,0.004451531826443311,80.69234126383166,49.91723359434281,46.54654408051198,0.17635505875721222,0.2280484646688864,0.5744812969145134,0.27624778774493336
0.8696490086592535,0.29173009120833726,22.360122122854936,0.729081799591002,0.028585889570552147,0.36554370664438207,0.14430365291310798,0.52,4.3230724,0.48768376034756405,0.49044914486733215,0.012316239652435945,0.009550855132667846,65.88182743243941,36.742765878085244,36.48020323478646,1.6571919333597587,0.15095501022494884,0.6691145102292128,0.2575443001852601
0.9384780972043855,0.19299672520156996,38.66991456698554,0.9758904109589042,0.019185692541856925,0.3271110805627607,0.047008087862237743,0.52,2.8600135,0.4887856847787127,0.5147246739878721,0.011214315221287297,0.014724673987872139,46.035506432400595,18.988179838953517,27.48309701078125,1.2910244338640076,0.06824010654490109,0.7231581785469832,0.20275307902741824
0.9260809407160525,0.20937161933148749,30.192106600716084,0.9177661589230496,0.02450598121780184,0.3419137587602981,0.18997834667087962,0.52,3.6022348,0.4978928950439016,0.5036118074339841,0.0021071049560983934,0.003611807433984149,49.91834265383696,32.02510685600642,29.714267258597914,1.4825883196303309,0.08507540880938691,0.7861809657450555,0.13821984482930436
0.8151005793552772,0.3299216662427362,26.498449105454448,0.7603607536764706,0.032810968137254905,0.36099464215327515,0.1394977863081507,0.44,2.4039266,0.5438178961522746,0.508025065995034,0.043817896152274605,0.008025065995034053,61.977558869057866,37.6823366497168,43.63819693638101,0.14232173898018657,0.25386106004901965,0.6998571284612678,0.09393585540238178
0.9239439017169923,0.18246956337334755,35.51542520135661,0.9465045885139135,0.03372187685020722,0.35437402574486665,0.1583694435737587,0.52,3.577709,0.49251433836856195,0.5047740282973945,0.007485661631438045,0.004774028297394484,42.54883485473991,39.118069405273104,32.389238079885544,1.1815065923264787,0.18408525754884542,0.7551719643025039,0.1795513286118402
0.9156227446329132,0.19242160415078277,21.39110655201895,0.7696053145760062,0.027607463853067605,0.3537391448011725,0.08989886138120742,0.44,2.55532,0.49964206860496657,0.5142377977261393,0.0003579313950334284,0.014237797726139312,39.982729457195965,60.908941129772124,30.82674826364,0.03556297274189374,0.14679855412270415,0.7475848462448405,0.1802802476880207
0.7390503110060843,0.4257983376862699,29.960804033709728,0.7801043024771839,0.04597240330291178,0.3539036745404966,0.18311296452522774,0.56,2.8067153,0.5062899990726448,0.5322559297553873,0.006289999072644825,0.03225592975538727,78.70642046888551,46.756323931971,52.46566441035547,0.3163317151388625,0.3526651455888744,0.6493558487084857,0.23370337388483395
0.9530462712892557,0.12209074534733631,45.56883675151117,0.9488513847675569,0.040478486646884276,0.315700430893027,0.29623783479761834,0.4,2.6202803,0.4997259333378229,0.5028417334630959,0.0002740666621771082,0.002841733463095908,29.571850245428987,19.172053502725788,24.311159361704355,1.3866093404107334,0.06563180019782389,0.7559574433294002,0.16876937249756702
0.8943812432835091,0.2147665018007395,20.976148722921003,0.7660277452129738,0.0248915592028136,0.3681775082711671,0.13138593506961205,0.52,3.6943326,0.5078183276721375,0.5088720212137877,0.007818327672137526,0.008872021213787717,51.852048591987156,69.36417311430793,38.41213750965163,1.5141191083621854,0.1823114497850723,0.8169379723659606,0.15256095241957557
0.9340038948014361,0.20954843349139027,37.876449025451734,0.949673700664322,0.029314185228604923,0.36098134346155714,0.06028455891930825,0.48,2.1147785,0.5120867744578648,0.49273476626198565,0.012086774457864768,0.007265233738014354,50.080923549606176,14.092915267059114,27.951463432627122,0.7086121582273551,0.08094763579523256,0.7499632391773573,0.1514407963237935
0.9117294185954115,0.2547135048348851,42.64519907803693,0.9486245954692557,0.026488673139158574,0.37029239317639395,0.138481706598497,0.52,2.4320407,0.49525134152071065,0.4899594067008307,0.004748658479289347,0.010040593299169287,60.16702164735196,12.833774457901352,31.206369722062178,0.6467448799914394,0.10682038834951457,0.741843292320828,0.1984839781229195
0.701988928058626,0.5413686036717668,37.17887596922241,0.9409362808842653,0.03149653229302124,0.36517674365357,0.0963591541514742,0.52,3.5012515,0.5622087940219613,0.4979525721022053,0.06220879402196133,0.002047427897794718,98.13245029023989,32.835567463545615,49.754151241223454,0.8671493103338506,0.3963794971824881,0.7400184355105602,0.11165871359480922
0.9123820509785353,0.2119775084866534,34.47451852195709,0.937379797979798,0.027905050505050506,0.3422154008308237,0.13161673598732423,0.4,3.5990033,0.5031939838067804,0.503799853712757,0.003193983806780376,0.0037998537127570398,50.97993671207342,47.585964868286645,33.49665670226288,0.6283011583030487,0.11450202020202016,0.757592819154084,0.1465792321848408
0.9347204757547,0.15374929549372363,48.631760794668715,0.9664605929139551,0.0352584960231381,0.35882256855126654,0.1040966285284902,0.44,2.6845489,0.49710094383316383,0.4974288294283879,0.002899056166836167,0.0025711705716121025,36.35203684731757,14.653201106731958,25.026715986185962,1.116659342054461,0.18730477223427333,0.832748321754202,0.1392041013709134
0.8007381794159425,0.44309974565481836,36.984993585820156,0.943406862745098,0.03169229055258467,0.3631569514561244,0.1027385839362483,0.52,3.8400755,0.5721620450710118,0.5057869504216173,0.07216204507101176,0.005786950421617254,90.9190075248311,20.460827749842252,40.93068667167914,1.4656511354124324,0.2298863636363636,0.8218972489065495,0.1436776805898629
0.8715806011054672,0.15490202115348722,20.33692842187421,0.7491205339615233,0.01950824499411072,0.34977399536151194,0.1449968013118086,0.44,1.8384838,0.49324149372888704,0.4978860128494481,0.006758506271112963,0.002113987150551888,33.2127796756429,8.985407918967717,30.39306461561594,0.04918054799010109,0.146986650961916,0.8274408125068946,0.139792758852393
0.909712852044753,0.2250340423466104,28.09652558454229,0.8102962962962963,0.03598641975308642,0.3644713615335486,0.0629442653110627,0.48,3.9017012,0.5043223207782157,0.524741536327423,0.004322320778215705,0.02474153632742304,52.443279254054424,9.877156031979505,30.005095313462874,1.359830132144427,0.09562592592592589,0.7391181648131989,0.15515225758158435
0.9613248872692952,0.1437409085310061,34.149893907480674,0.9379194630872483,0.025144295302013422,0.34915760407079893,0.15723478527876475,0.56,1.8307998,0.49938580703440344,0.5027011315207455,0.0006141929655965606,0.00270113152074547,35.38426294046822,23.423731284574952,25.014611749822222,1.1689242248744047,0.04759507829977627,0.7538450751642765,0.18024661647929188
0.6955394323583625,0.5625483764354131,31.115165552466355,0.9151338766006984,0.02315095071788902,0.3372175980592253,0.09596669634093451,0.44,3.4288409,0.5703390873725497,0.5220056064768919,0.07033908737254968,0.02200560647689187,102.69123880880713,33.123905962379766,50.991201428257355,0.6937508716211364,0.3627027551416375,0.6871909327112693,0.09999519787513232
0.9643889238911291,0.11276647077884748,29.43690370824204,0.9260322580645162,0.016012903225806452,0.3651373555550847,0.13819305081172253,0.52,2.1956425,0.4964426187757352,0.5029354219453597,0.0035573812242647995,0.002935421945359673,29.690968120174457,27.218184688260855,25.1859774207809,0.764716097293217,0.0694129032258064,0.7797173517536233,0.1846660977941572
0.8587290238575269,0.2853244446965953,27.08261454661321,0.8493161290322581,0.027056989247311827,0.37060308961038324,0.08018989668985874,0.48,3.9312043,0.5006287979978459,0.5180266255971636,0.0006287979978458758,0.018026625597163615,57.45796809496979,49.70213224011819,42.34572283302103,1.3945280383564782,0.22655161290322579,0.7119790869932656,0.22340939756376804
0.958894792496019,0.11497775345402077,51.8434201420335,0.9843227176220807,0.028587048832271762,0.34257953221833604,0.6488583073144332,0.36,2.5967426,0.5018267208989766,0.5052627637299407,0.0018267208989766193,0.005262763729940723,27.25990618326154,10.577277664361583,23.17628649297062,0.10844311186638651,0.036874734607218684,0.7990745588670577,0.09047138364550308
0.7751847819662327,0.41082772580429927,29.890686595775662,0.6988829550511794,0.09231642189586114,0.3410271755561064,0.15006111416529228,0.56,5.1801724,0.5032604706022946,0.5343930374810237,0.0032604706022946184,0.034393037481023736,81.85172972519433,38.38212244643363,50.79546080727479,1.4086130488633106,0.357675789942145,0.8200786822472687,0.17052875172415088
0.7796682889344262,0.47004894518268303,56.429750985375854,0.9883099141295862,0.028749024199843872,0.3419529702646174,0.09792001500053574,0.52,3.3083344,0.582615805378773,0.5029199070402388,0.082615805378773,0.0029199070402388116,95.2405680826078,10.029292794657223,39.903882790644786,1.1655840634926065,0.24672033567525375,0.6823956381601569,0.17345738261039315
0.970988114785531,0.10483488467664204,48.24689933011888,0.9832039268183846,0.019493529674252566,0.35206151775341155,0.3180656175901865,0.48,1.4625862,0.4963417082232675,0.5005617238437845,0.003658291776732492,0.0005617238437845007,25.620921450512547,12.013563971190615,22.064164178861006,0.8097739984281832,0.02490517626059796,0.6865252311141823,0.19987367169822143
0.7996293544939282,0.4384330199052516,28.243313065457325,0.8828008021390374,0.02901180926916221,0.35627106376351986,0.14498262468980463,0.44,3.028269,0.5790989093928612,0.5033360658414524,0.07909890939286124,0.003336065841452407,91.53324714118077,25.421493507148192,41.13506923452887,1.385661797343869,0.2367257130124777,0.680396770074386,0.19545915318877619
0.8925160768995097,0.23867077487117055,24.694049890075018,0.8029950980392156,0.028244117647058822,0.35219801403745077,0.09687914263744714,0.48,3.582155,0.49991840288524286,0.5191733940433485,8.159711475713705e-05,0.0191733940433485,57.09300507221981,47.93459922141973,40.93405744252115,0.6838095812401409,0.17580882352941174,0.8248700919546266,0.12388228356553684
0.765831213758134,0.490568328926188,45.9620833354408,0.9810852225020991,0.018701721242653232,0.3635618920067356,0.12595542961097117,0.48,1.7904457,0.4975759170685293,0.5938384982490373,0.0024240829314706724,0.09383849824903734,94.83529474253572,30.463794475120316,44.89334780140332,0.27431843534939715,0.281404282115869,0.36173936874224777,0.3081417627246122
0.9747541369989452,0.09613994672379327,43.52561741393062,0.9814493670886076,0.015469409282700422,0.3363974639544358,0.2795077273103334,0.44,2.930176,0.5004122819579113,0.5013450838501561,0.00041228195791132016,0.0013450838501560813,24.7911924273825,16.289871329552994,21.67808585068147,0.7948833949655836,0.021078059071729993,0.7348061726211714,0.20000400182644262
0.6287702209448972,0.7151104353440947,46.66065542022796,0.951313542879317,0.04239522700814901,0.3648630823315502,0.1787148036552611,0.48,3.453106,0.5567092674659713,0.4889020601623126,0.05670926746597127,0.01109793983768742,116.26528534475523,29.50962277314721,47.83556347557453,0.8721646021337055,0.44272797826930543,0.7693009537648902,0.14550337955904963
0.9596053007662066,0.12086951461417157,60.713807544386604,0.9895442875481386,0.03978712023962345,0.3532821235400097,0.24758610838430364,0.48,2.3982875,0.5016946319170524,0.4999865829695739,0.001694631917052436,1.3417030426121634e-05,29.20081629109041,30.340118971787707,24.79050363498318,1.0739444387955315,0.061633504492939695,0.7655721549108583,0.16505527281752774
0.714723342106729,0.5105031748070352,63.016777902031954,0.9906662210338681,0.033717691622103384,0.3552797066766768,0.06807700709517318,0.44,3.191908,0.5586781369324024,0.4981857207999444,0.058678136932402425,0.001814279200055613,96.76468099454051,50.92470617946401,52.012091439993526,1.2878783982107014,0.48659313725490194,0.6679993295934892,0.20083835100044578
0.9732326845111269,0.09377451629355536,30.698687288227216,0.9347196969696969,0.01609469696969697,0.3563949164213906,0.3489335710041592,0.52,1.5805928,0.5011173316786863,0.5017837338821952,0.0011173316786863285,0.0017837338821952153,22.886368577289677,17.49465217927951,22.287765910935732,1.1638608250380873,0.07317234848484844,0.8164994162274427,0.173995054565897
0.7905014073854313,0.36677994595547464,14.150264388041196,0.42654008438818564,0.01872948898265354,0.31317174553281685,0.08058833181655221,0.48,3.7340875,0.5589340084426284,0.4937858744118189,0.058934008442628416,0.006214125588181074,72.08291337290402,32.94890759351313,47.3384322979078,0.20936626650327345,0.26674519456165025,0.6898176235930211,0.15243161830416388
0.8273767257063357,0.3578712283503615,53.29244629272104,0.9802111872146119,0.04257990867579909,0.34765682552598254,0.0669519596651446,0.52,3.14197,0.5502847156071091,0.5085336761007263,0.05028471560710912,0.008533676100726306,74.77830404608375,38.37931973299882,46.34708247792133,1.6203903038430967,0.23351455479452055,0.7413317322033419,0.26378860033995316
0.912486072604534,0.18735992243360425,40.89071669505247,0.9704151978065022,0.030023501762632198,0.3665877058025451,0.2378688701489213,0.32,3.3327444,0.5000798872655533,0.5254140762074208,7.988726555330228e-05,0.025414076207420755,45.077741675838226,57.40721856617446,34.09764923798815,0.18684322917353222,0.14069526047786918,0.7379115725692177,0.08270819728567526
0.9680765267661341,0.1339115586327713,33.87824901108097,0.934906015037594,0.023043024227234754,0.32769200099597096,0.3231126713843432,0.48,1.5832078,0.5010341884553444,0.500594855433152,0.0010341884553444203,0.000594855433151964,32.917104787350056,7.938907442003863,23.26759688791475,0.8739164518806963,0.052722431077694254,0.7628758479812753,0.17425926841668057
0.8321634899527187,0.2971451423247656,41.51722565155118,0.8675398936170213,0.060883569739952716,0.3668648023410353,0.21299224145923146,0.28,4.3348455,0.5025786234060162,0.5361514313901558,0.0025786234060162228,0.03615143139015575,61.01737056987115,32.63302088927343,46.678101721928,1.559225245968023,0.25698581560283684,0.7997610018315731,0.13202494419073146
0.6724883866506252,0.6407459878926945,43.36615213167372,0.9535077328068443,0.03542530437643962,0.31395924226985206,0.07193692455593623,0.36,2.994023,0.506616679098211,0.5080334589228411,0.006616679098210954,0.00803345892284113,110.23068179541264,26.110343155084355,46.222708789594876,0.4701306121757882,0.34173165514972026,0.5994988665325302,0.3005046647929607
0.9368525514240507,0.2186972051970595,8.029495205113777,0.45362728551336146,0.011177918424753868,0.29351750535908266,0.06630576652601969,0.56,1.0910566,0.501368993663623,0.5248039241928216,0.001368993663622975,0.024803924192821625,51.77973878770809,18.214233555976758,29.070385767770006,0.40209856158975954,0.08441983122362873,0.6437906998770652,0.263128378405304
0.9230212466121342,0.12527825254904248,49.73536879539562,0.977398119122257,0.035003918495297805,0.36989094256839866,0.19121389862109944,0.56,2.4892726,0.5035073209905614,0.5053695631376947,0.003507320990561391,0.005369563137694655,27.9042112647898,30.522383946839682,25.617344246743187,1.5884543283817838,0.08606974921630095,0.813251386322825,0.2056848288098693
0.9584749931235803,0.10698933275578122,54.73373403364334,0.98190800681431,0.03382453151618399,0.40120409748979313,0.2591280188395631,0.48,2.2645278,0.4997647834888722,0.4999730358029689,0.0002352165111277893,2.696419703107633e-05,25.966653974669732,31.07775699695149,24.158553704718486,1.6912381191533412,0.08198892674616687,0.8195351271213236,0.18795214314058525
0.8893311988467261,0.2049426495589338,20.858038740537502,0.7213511904761905,0.05194761904761905,0.3615331022843566,0.12031311858076564,0.36,4.4049206,0.5089937583775168,0.4980309951277256,0.008993758377516814,0.001969004872274416,43.927904555051406,53.38991367892325,34.08182401952051,0.8209829731171063,0.1825607142857143,0.879832064022032,0.07465800884908033
0.9381619107521186,0.13713246964529038,18.32449824711994,0.663760593220339,0.017634180790960453,0.3450149764438558,0.09313129131125143,0.52,3.9212513,0.5049946506531506,0.504061311419266,0.004994650653150634,0.004061311419266023,36.01538972149212,34.227870897854785,28.727440748817784,0.8261766660753054,0.10690913370998112,0.722140384284669,0.21118736607381042
0.7837188466061829,0.24366283245674966,14.964816282599498,0.753058064516129,0.013790322580645161,0.35775612725482936,0.08186839131351466,0.48,5.5155554,0.5455808069750919,0.49842604884731906,0.045580806975091925,0.0015739511526809413,53.41849646668432,59.6781713490928,47.33942370121329,0.5044301667584804,0.6653354838709677,0.8478599790921318,0.042344422558878055
0.8855237785218254,0.19691394146904045,21.933224490962278,0.7638374819624819,0.03265512265512265,0.35592734956435995,0.22029225377019496,0.52,3.678522,0.492084928383112,0.5242522526154427,0.007915071616887981,0.024252252615442726,46.407523745110744,79.49907167815259,37.26552894003822,1.4946940418793635,0.20344967532467528,0.7121426885815207,0.3007168515402123
0.7696455685663882,0.3895505061781212,18.877973586006085,0.6286741551459294,0.03511232718894009,0.3583218338482402,0.10732546835938676,0.44,4.345021,0.5341581479391804,0.5101012586417708,0.03415814793918037,0.010101258641770805,67.73077769943522,55.465499063484586,48.814877960643145,0.040715360830144855,0.3294479646697388,0.7043432082273265,0.2969428558644854
0.9755472061110194,0.06740928504144458,30.695480535727775,0.9484918538088948,0.015186041391457508,0.36747054156915065,0.5962423006190587,0.44,3.2715185,0.5006386183058228,0.5022203937425512,0.0006386183058227912,0.00222039374255123,15.980335052123603,12.820757610691071,20.59977920871775,0.5581647268342909,0.021777851166886797,0.7633795993126576,0.1744586762220083
0.9517772306010472,0.11557004769569801,15.997086027262434,0.7753576203208556,0.013178475935828876,0.33986258110309636,0.11722724651357869,0.52,2.8927863,0.5097967640517396,0.498035995678106,0.00979676405173957,0.001964004321893975,28.254431430664894,38.09800718163069,25.1094903457482,0.1218064088740882,0.07418114973262036,0.6975922429465836,0.2544513551561359
0.8338956271578226,0.3387569315603408,43.78124051893892,0.9615664018161181,0.0578149829738933,0.3778078880941356,0.07603407076035106,0.44,3.3966956,0.4907990615637659,0.5280880310730545,0.009200938436234096,0.028088031073054465,69.61995114216626,39.86895459847123,46.493953555031794,0.9952006685137487,0.240646046159667,0.6570382631069437,0.2853481224975131
0.9644302837259824,0.07469489732969248,14.349188897376635,0.6131228411053541,0.017031519861830744,0.3695419469811023,0.4651788750042331,0.44,2.487275,0.5019700862017031,0.5007383628071491,0.001970086201703136,0.0007383628071491177,16.675392651074993,18.72066089427223,21.280313377835498,0.6798187751094187,0.03892702936096715,0.8170314319611869,0.12742654711785797
0.9685328269675926,0.0807853571879549,25.758915948033987,0.9145703703703704,0.013385185185185186,0.3132172870710918,0.25084849673202614,0.44,2.2376537,0.4998177529887014,0.5039027421662416,0.00018224701129859744,0.003902742166241646,18.972037003473094,6.020050895013507,20.723239005292626,0.3249934338709885,0.017062962962962946,0.583061246402756,0.2470217496609161
0.8464506333484498,0.2603548775156462,15.420468895021479,0.5676374230430958,0.038168425681618295,0.3677670074022348,0.12589215255143393,0.48,4.8517,0.49505793733621006,0.5284892390044917,0.004942062663789937,0.02848923900449174,56.262112208832335,34.0336742300188,36.40651145196931,1.4331022057229732,0.1630507915567282,0.778410802588541,0.17067152564254498
0.8565537753590542,0.23856998050817574,23.991003887013576,0.873348623853211,0.025549366535605068,0.3452104083600376,0.10447792083194134,0.56,3.0428672,0.48191823959728103,0.48998116064673103,0.01808176040271897,0.010018839353268971,54.15434421107593,51.22877887392611,41.17547882943299,0.7342164261934967,0.19092398427260804,0.7479075751323166,0.15269730748111673
0.9392627394273063,0.13656392203511888,17.382534799892138,0.624167855444603,0.02550879695672848,0.33084458246114473,0.10936117870828788,0.52,2.8351865,0.4922789534848276,0.4975937399100439,0.007721046515172414,0.0024062600899560915,33.624098817534204,30.32470958790456,26.753038468840444,1.6681402477299865,0.08196980504041862,0.7248011883022455,0.23552202392751265
0.7579778658511847,0.46225009371045395,21.349976491839268,0.7300551768906199,0.03591447581953911,0.3545597236841912,0.12017237527922561,0.44,3.356595,0.49859817866483536,0.5284280916179293,0.0014018213351646436,0.028428091617929252,88.67072252216944,16.927976005461158,44.6814681630586,1.4229381844513533,0.2960856864654333,0.7611885756146147,0.10467841033741589
0.8758965628693854,0.2289629740467091,28.698148005288672,0.9068439716312057,0.025812056737588653,0.3422679865390286,0.10567403235525889,0.48,3.5890489,0.5165437618946189,0.5018889984167935,0.016543761894618925,0.0018889984167934637,55.98029522243205,55.57112881806642,38.26856721677753,1.055898745730789,0.16567612293144207,0.7665413394852884,0.11812451904951292
0.9216996383101852,0.1600617271026992,33.45671541412378,0.9180987654320988,0.0323,0.3610263361382465,0.1188912273057371,0.56,4.6499934,0.4877211173344649,0.4910434959497506,0.012278882665535118,0.008956504050249392,36.83511481072134,38.69320509307071,31.72135882231865,1.398716163025427,0.17332592592592588,0.7626641783361557,0.2327008921822923
0.9169998353900332,0.193578698692647,19.906852517122058,0.7908439867424243,0.012765151515151516,0.3133113257986544,0.02078238265002971,0.56,3.5791752,0.4843867535435372,0.5022012983984357,0.015613246456462782,0.002201298398435747,41.59168493251563,35.765204030987974,29.92419248303112,0.2080777158567068,0.10542968749999992,0.5585478181330955,0.06127201909393742
0.9154491144394568,0.22076169811804516,15.973940368222806,0.6470837937384899,0.029871086556169428,0.37114601017813037,0.13164588524175785,0.4,3.8833766,0.514824131811095,0.5025994859819025,0.014824131811094987,0.0025994859819025162,52.26517137056667,29.830930365352096,31.71738428950978,1.031905319790824,0.11675046040515658,0.6700324186441314,0.2616933111473472
0.9635654228424357,0.09578956695220463,20.18169211172148,0.8351713395638629,0.01384832554517134,0.3411922225547605,0.15384835608698308,0.44,3.4054487,0.4978667854046618,0.49695047983757107,0.0021332145953382176,0.0030495201624289314,25.499137411418566,23.579559384044067,23.0257552193181,0.6260830584123105,0.04139505451713399,0.8420591617554289,0.08586863885127223
