id,posted,views,saves,likes,comments,age,theme
19880901,2022-11-13,48068,70,278,19,31,light
19952292,2022-11-21,48076,123,291,70,23,dark
19908693,2022-11-16,49552,44,297,18,28,light
16867110,2021-11-16,288396,996,1513,39,393,light
17637747,2022-03-04,63145,188,281,5,285,light
20087986,2022-12-09,21846,38,207,41,5,light
16667865,2021-10-18,173539,361,645,14,422,light
17522064,2022-02-16,67189,138,261,8,301,light
17557866,2022-02-21,99739,143,348,18,296,dark
20106254,2022-12-11,12363,26,127,8,3,light
20112182,2022-12-12,43589,45,350,28,2,dark
17123952,2021-12-23,77167,87,321,39,356,light
17766835,2022-03-20,64679,51,222,12,269,light
19417202,2022-09-19,14723,18,136,5,86,light
18200915,2022-05-09,34431,51,154,1,219,light
19330110,2022-09-08,61376,95,401,28,97,dark
17080273,2021-12-17,55681,140,362,54,362,light
19271741,2022-08-31,86331,169,399,60,105,light
19411888,2022-09-18,32394,67,185,25,87,light
20055001,2022-12-05,42966,97,297,40,9,light
18107637,2022-04-26,25456,42,218,22,232,dark
19453981,2022-09-20,42893,90,257,43,85,light
19026903,2022-08-08,49860,187,367,8,128,light
17537352,2022-02-17,100359,336,536,41,300,light
18056643,2022-04-20,162396,513,811,45,238,light
17564809,2022-03-13,112492,91,181,3,276,light
18917432,2022-07-28,22476,64,182,80,139,light
15543862,2021-04-26,504658,763,1192,49,597,dark
19720561,2022-10-24,20938,57,192,7,51,light
17558430,2022-02-22,28380,43,120,3,295,light
18586491,2022-06-27,71987,129,306,34,170,light
19727393,2022-10-25,15025,47,191,2,50,dark
15166392,2021-02-22,347629,870,1530,23,660,light
17365401,2022-01-27,38316,54,158,7,321,light
17846430,2022-03-28,48202,109,352,55,261,light
19309300,2022-09-06,30180,51,179,26,99,light
18839368,2022-07-19,48639,120,200,16,148,light
17272540,2022-01-14,36127,38,143,9,334,light
20065948,2022-12-06,5235,24,133,9,8,light
16674410,2021-10-18,115272,293,393,32,422,light
15186334,2021-02-24,448360,420,527,1,658,light
19104091,2022-08-15,68185,112,443,31,121,light
15876373,2021-06-18,169795,158,357,7,544,dark
18997290,2022-08-06,21600,44,222,147,130,light
17561352,2022-02-21,51964,90,287,8,296,dark
14504569,2020-11-02,131987,225,403,16,772,dark
15946415,2021-06-30,90424,189,378,41,532,light
17726540,2022-03-15,62525,108,375,33,274,light
17941382,2022-04-05,41689,58,236,61,253,light
16784743,2021-11-03,96978,323,421,18,406,light
15341504,2021-03-23,234619,387,597,40,631,dark
17454574,2022-02-08,43617,36,130,4,309,dark
16939488,2021-11-25,77521,197,379,25,384,light
17463496,2022-02-09,23814,28,127,5,308,light
17183093,2022-01-02,108645,148,376,25,346,light
17476092,2022-02-10,18552,34,245,22,307,light
15948758,2021-06-30,52060,74,247,31,532,dark
19102024,2022-08-15,11334,25,176,10,121,light
14000947,2020-08-12,378179,839,995,31,854,light
19648858,2022-10-14,16178,14,165,4,61,dark
19485715,2022-09-25,11844,50,148,12,80,light
15401425,2021-04-01,121904,344,548,16,622,light
15486237,2021-04-15,127806,283,512,84,608,light
16218455,2021-08-11,42530,120,272,39,490,light
18094589,2022-04-25,35024,39,234,25,233,light
18121310,2022-04-28,14106,17,147,12,230,light
14489621,2020-10-30,87833,203,231,10,775,light
18798631,2022-07-17,4826,9,55,8,150,light
16271962,2021-08-22,20299,81,102,2,479,light
15550644,2021-04-27,33252,62,153,18,596,light
15448792,2021-04-09,102184,162,342,12,614,light
15120400,2021-02-18,131641,330,638,29,664,dark
15197323,2021-02-26,284504,531,801,10,656,light
16024339,2021-07-12,75870,225,338,7,520,light
15544765,2021-04-26,41924,39,216,33,597,light
19293521,2022-09-03,6884,17,108,18,102,light
18748422,2022-07-11,8445,30,153,12,156,light
19246755,2022-08-29,14644,16,140,7,107,light
14624904,2020-11-24,129446,267,552,31,750,light
16696775,2021-10-21,75257,125,233,44,419,light
19376340,2022-09-14,5526,15,82,4,91,light
18884175,2022-07-25,88196,251,298,21,142,light
15379854,2021-03-29,88181,214,329,11,625,light
19264876,2022-08-31,4887,3,192,9,105,light
15902288,2021-06-23,25852,61,197,23,539,light
16681399,2021-10-19,17459,41,156,55,421,dark
19102024,2022-08-15,11334,25,176,10,121,light
17151158,2021-12-28,9827,18,50,0,351,dark
16520760,2021-10-11,10580,20,79,8,429,dark
15301605,2021-03-16,100139,154,298,14,638,light
14884987,2021-01-08,9434,6,99,2,705,light
18177287,2022-05-06,10751,26,83,25,222,light
18439169,2022-06-08,6985,16,115,13,189,light
14953366,2021-01-18,67419,154,281,3,695,light
18018508,2022-04-14,63845,170,448,36,244,dark
16359001,2021-09-01,44140,56,150,6,469,light
15272008,2021-03-11,205118,578,657,50,643,light
18616647,2022-06-30,4603,17,52,7,167,light
19886499,2022-11-14,4301,10,86,16,30,light
8168686,2019-11-12,113720,318,543,9,1128,light
16582765,2021-10-06,24038,63,103,3,434,light
15746917,2021-05-29,36798,38,210,23,564,light
17166985,2021-12-30,20393,32,135,18,349,dark
16166486,2021-08-03,19796,27,204,17,498,light
16605431,2021-10-07,7306,12,125,23,433,light
15204060,2021-03-04,11523,11,76,2,650,dark
15237074,2021-03-05,107911,296,456,30,649,light
15547418,2021-04-26,39322,72,177,7,597,light
16167299,2021-08-06,6926,17,122,22,495,dark
18505945,2022-06-16,15690,22,239,8,181,light
19103997,2022-08-15,3490,2,97,10,121,light
15125176,2021-02-15,36784,87,172,10,667,light
15204062,2021-03-02,10822,18,66,1,652,light
17152402,2021-12-29,15640,38,74,2,350,dark
15527112,2021-04-23,65450,84,288,30,600,dark
18221297,2022-05-11,12508,17,99,14,217,light
14909873,2021-01-11,38203,44,160,22,702,light
19280888,2022-09-02,3158,3,59,26,103,dark
14996980,2021-01-25,28869,37,199,7,688,light
10175714,2020-02-18,193103,559,771,7,1030,light
18230843,2022-05-12,5025,5,76,24,216,dark
16101953,2021-07-24,45363,85,232,19,508,light
14384864,2020-10-15,37904,88,207,36,790,dark
18364208,2022-05-30,13787,11,180,33,198,light
9912685,2020-02-05,59227,156,325,4,1043,light
17080964,2021-12-16,5159,11,77,13,363,light
15352673,2021-03-24,23932,26,140,20,630,light
7443592,2019-10-11,145296,348,599,8,1160,light
14895620,2021-01-08,63045,24,178,22,705,light
15909712,2021-06-24,15073,26,121,52,538,light
15710676,2021-05-24,25564,22,95,0,569,dark
9112806,2019-12-20,97994,264,574,15,1090,light
14416101,2020-10-29,21217,35,123,4,776,light
15543633,2021-04-26,11272,36,102,6,597,light
16970124,2021-12-01,10306,18,61,0,378,light
19289255,2022-09-03,6454,20,81,29,102,light
15555988,2021-04-27,9587,11,115,10,596,dark
7025155,2019-08-21,92134,262,655,6,1211,light
16402930,2021-09-07,17546,28,113,27,463,dark
15812701,2021-06-09,6683,10,94,13,553,dark
16520488,2021-09-24,4375,5,94,24,446,light
6012158,2019-02-13,49706,117,205,5,1400,light
19898768,2022-11-15,2881,6,84,20,29,light
7559172,2019-10-16,130137,287,484,9,1155,dark
17845770,2022-03-28,15180,28,72,2,261,light
17977235,2022-04-09,4377,13,69,9,249,dark
16241791,2021-08-14,7254,20,95,18,487,light
20081811,2022-12-07,1893,7,36,2,7,light
16976375,2021-12-02,7254,7,42,2,377,dark
18319617,2022-05-24,21631,23,80,3,204,dark
6958853,2019-08-09,78436,395,873,17,1223,light
19735024,2022-10-28,1972,10,40,2,47,light
13494482,2020-07-15,15081,26,97,4,882,light
15337501,2021-03-22,9451,39,58,0,632,dark
17059505,2021-12-15,23206,39,150,25,364,light
8249821,2019-11-16,102817,309,349,5,1124,light
19035614,2022-08-09,2496,4,23,6,127,light
8574777,2019-12-03,93328,195,405,4,1107,light
20125824,2022-12-13,1948,3,35,0,1,light
15903778,2021-06-23,13445,25,97,11,539,light
15645311,2021-05-12,11171,38,71,2,581,light
16257042,2021-08-17,8085,10,52,5,484,dark
14797911,2020-12-21,11252,21,68,5,723,light
6036986,2019-02-18,54626,107,319,7,1395,dark
12787082,2020-07-04,18441,41,79,9,893,dark
17534853,2022-02-17,3138,3,43,0,300,dark
15470452,2021-04-13,8240,9,50,1,610,light
7252092,2019-09-29,61313,80,188,2,1172,light
18880016,2022-07-24,3028,7,39,14,143,light
6280221,2019-04-03,25858,96,125,10,1351,light
13154526,2020-07-13,37899,58,138,4,884,light
10935346,2020-04-06,37731,82,111,1,982,light
15093219,2021-02-09,15490,10,79,3,673,dark
19711431,2022-10-22,2700,5,53,14,53,dark
10132765,2020-02-16,22294,41,112,7,1032,light
16445874,2021-09-14,9499,8,49,1,456,light
17336765,2022-01-23,82468,132,272,2,325,dark
12215125,2020-06-22,12080,31,50,2,905,light
15932433,2021-06-28,5151,11,57,8,534,dark
15928195,2021-06-27,20802,24,114,14,535,dark
19205909,2022-08-24,1902,3,82,4,112,light
6279454,2019-04-03,19682,98,121,4,1351,light
16681293,2021-10-19,1724,4,16,4,421,light
18482715,2022-06-13,1280,1,41,8,184,light
14330313,2020-10-05,2567,8,55,7,800,light
18048070,2022-04-18,3848,4,56,19,240,light
7093505,2019-09-05,16512,49,112,2,1196,light
19355956,2022-09-11,1663,5,38,10,94,dark
11737274,2020-05-31,134661,288,784,24,927,light
8807738,2019-12-04,10109,45,135,2,1106,light
16384831,2021-09-05,3838,5,41,4,465,light
19729779,2022-10-25,18372,47,206,6,50,light
15812701,2021-06-09,6684,10,94,13,553,dark
5640130,2018-12-03,31848,82,219,1,1472,light
9709833,2020-01-22,5944,9,51,1,1057,light
5535994,2018-11-12,20711,23,85,2,1493,light
5555145,2018-11-15,72605,191,260,6,1490,light
15168482,2021-02-22,14648,11,84,6,660,light
7064731,2019-08-29,17558,32,74,0,1203,light
5496170,2018-11-04,20143,38,167,14,1501,light
14224671,2020-09-18,6094,8,34,2,817,light
6237185,2019-03-26,13573,43,75,0,1359,light
6279832,2019-04-03,7765,10,51,0,1351,light
15889565,2021-06-21,7953,15,84,0,541,light
13754249,2020-08-05,26385,14,61,0,861,dark
5496334,2018-11-04,17893,34,156,4,1501,light
19945635,2022-11-21,21014,40,185,6,23,light
16257042,2021-08-17,8086,10,52,5,484,dark
16756708,2021-10-29,1954,3,25,0,411,light
15941426,2021-06-29,8305,8,74,2,533,dark
19530847,2022-09-30,37635,53,229,13,75,light
8156156,2019-11-12,11905,20,56,6,1128,light
19709803,2022-10-21,20160,50,184,8,54,light
19240462,2022-08-30,29944,78,165,9,106,light
6791165,2019-07-16,30735,59,113,2,1247,light
15932602,2021-06-28,7315,13,38,3,534,light
16668843,2021-10-17,2976,5,20,4,423,light
18760707,2022-07-13,35626,101,272,9,154,light
19867145,2022-11-11,3286,1,69,24,33,light
19326090,2022-09-08,2049,2,13,0,97,light
